Additional Notes¶;Design notes, legal information and changelog are here for the interested.;ChangesUser’s Guide¶;This part of the documentation, which is mostly prose, begins with some
background information about Flask, then focuses on step-by-step
instructions for web development with Flask.;ForewordUser’s Guide¶;This part of the documentation, which is mostly prose, begins with some
background information about Flask, then focuses on step-by-step
instructions for web development with Flask.;Foreword for Experienced ProgrammersUser’s Guide¶;This part of the documentation, which is mostly prose, begins with some
background information about Flask, then focuses on step-by-step
instructions for web development with Flask.;InstallationUser’s Guide¶;This part of the documentation, which is mostly prose, begins with some
background information about Flask, then focuses on step-by-step
instructions for web development with Flask.;QuickstartUser’s Guide¶;This part of the documentation, which is mostly prose, begins with some
background information about Flask, then focuses on step-by-step
instructions for web development with Flask.;TutorialUser’s Guide¶;This part of the documentation, which is mostly prose, begins with some
background information about Flask, then focuses on step-by-step
instructions for web development with Flask.;TemplatesUser’s Guide¶;This part of the documentation, which is mostly prose, begins with some
background information about Flask, then focuses on step-by-step
instructions for web development with Flask.;Testing Flask ApplicationsUser’s Guide¶;This part of the documentation, which is mostly prose, begins with some
background information about Flask, then focuses on step-by-step
instructions for web development with Flask.;Handling Application ErrorsUser’s Guide¶;This part of the documentation, which is mostly prose, begins with some
background information about Flask, then focuses on step-by-step
instructions for web development with Flask.;Debugging Application ErrorsUser’s Guide¶;This part of the documentation, which is mostly prose, begins with some
background information about Flask, then focuses on step-by-step
instructions for web development with Flask.;LoggingUser’s Guide¶;This part of the documentation, which is mostly prose, begins with some
background information about Flask, then focuses on step-by-step
instructions for web development with Flask.;Configuration HandlingUser’s Guide¶;This part of the documentation, which is mostly prose, begins with some
background information about Flask, then focuses on step-by-step
instructions for web development with Flask.;SignalsUser’s Guide¶;This part of the documentation, which is mostly prose, begins with some
background information about Flask, then focuses on step-by-step
instructions for web development with Flask.;Pluggable ViewsUser’s Guide¶;This part of the documentation, which is mostly prose, begins with some
background information about Flask, then focuses on step-by-step
instructions for web development with Flask.;The Application ContextUser’s Guide¶;This part of the documentation, which is mostly prose, begins with some
background information about Flask, then focuses on step-by-step
instructions for web development with Flask.;The Request ContextUser’s Guide¶;This part of the documentation, which is mostly prose, begins with some
background information about Flask, then focuses on step-by-step
instructions for web development with Flask.;Modular Applications with BlueprintsUser’s Guide¶;This part of the documentation, which is mostly prose, begins with some
background information about Flask, then focuses on step-by-step
instructions for web development with Flask.;ExtensionsUser’s Guide¶;This part of the documentation, which is mostly prose, begins with some
background information about Flask, then focuses on step-by-step
instructions for web development with Flask.;Command Line InterfaceUser’s Guide¶;This part of the documentation, which is mostly prose, begins with some
background information about Flask, then focuses on step-by-step
instructions for web development with Flask.;Development ServerUser’s Guide¶;This part of the documentation, which is mostly prose, begins with some
background information about Flask, then focuses on step-by-step
instructions for web development with Flask.;Working with the ShellUser’s Guide¶;This part of the documentation, which is mostly prose, begins with some
background information about Flask, then focuses on step-by-step
instructions for web development with Flask.;Patterns for FlaskUser’s Guide¶;This part of the documentation, which is mostly prose, begins with some
background information about Flask, then focuses on step-by-step
instructions for web development with Flask.;Deployment OptionsUser’s Guide¶;This part of the documentation, which is mostly prose, begins with some
background information about Flask, then focuses on step-by-step
instructions for web development with Flask.;Becoming BigUser’s Guide¶;This part of the documentation, which is mostly prose, begins with some
background information about Flask, then focuses on step-by-step
instructions for web development with Flask.;Using async and awaitAPI Reference¶;If you are looking for information on a specific function, class or
method, this part of the documentation is for you.;APIAdditional Notes¶;Design notes, legal information and changelog are here for the interested.;Design Decisions in FlaskAdditional Notes¶;Design notes, legal information and changelog are here for the interested.;HTML/XHTML FAQAdditional Notes¶;Design notes, legal information and changelog are here for the interested.;Security ConsiderationsAdditional Notes¶;Design notes, legal information and changelog are here for the interested.;Flask Extension DevelopmentAdditional Notes¶;Design notes, legal information and changelog are here for the interested.;How to contribute to FlaskAdditional Notes¶;Design notes, legal information and changelog are here for the interested.;LicenseAdditional Notes¶;Design notes, legal information and changelog are here for the interested.;ChangesUser’s Guide¶;This part of the documentation, which is mostly prose, begins with some
background information about Flask, then focuses on step-by-step
instructions for web development with Flask.;ForewordUser’s Guide¶;This part of the documentation, which is mostly prose, begins with some
background information about Flask, then focuses on step-by-step
instructions for web development with Flask.;Foreword for Experienced ProgrammersUser’s Guide¶;This part of the documentation, which is mostly prose, begins with some
background information about Flask, then focuses on step-by-step
instructions for web development with Flask.;InstallationUser’s Guide¶;This part of the documentation, which is mostly prose, begins with some
background information about Flask, then focuses on step-by-step
instructions for web development with Flask.;QuickstartUser’s Guide¶;This part of the documentation, which is mostly prose, begins with some
background information about Flask, then focuses on step-by-step
instructions for web development with Flask.;TutorialUser’s Guide¶;This part of the documentation, which is mostly prose, begins with some
background information about Flask, then focuses on step-by-step
instructions for web development with Flask.;TemplatesUser’s Guide¶;This part of the documentation, which is mostly prose, begins with some
background information about Flask, then focuses on step-by-step
instructions for web development with Flask.;Testing Flask ApplicationsUser’s Guide¶;This part of the documentation, which is mostly prose, begins with some
background information about Flask, then focuses on step-by-step
instructions for web development with Flask.;Handling Application ErrorsUser’s Guide¶;This part of the documentation, which is mostly prose, begins with some
background information about Flask, then focuses on step-by-step
instructions for web development with Flask.;Debugging Application ErrorsUser’s Guide¶;This part of the documentation, which is mostly prose, begins with some
background information about Flask, then focuses on step-by-step
instructions for web development with Flask.;LoggingUser’s Guide¶;This part of the documentation, which is mostly prose, begins with some
background information about Flask, then focuses on step-by-step
instructions for web development with Flask.;Configuration HandlingUser’s Guide¶;This part of the documentation, which is mostly prose, begins with some
background information about Flask, then focuses on step-by-step
instructions for web development with Flask.;SignalsUser’s Guide¶;This part of the documentation, which is mostly prose, begins with some
background information about Flask, then focuses on step-by-step
instructions for web development with Flask.;Pluggable ViewsUser’s Guide¶;This part of the documentation, which is mostly prose, begins with some
background information about Flask, then focuses on step-by-step
instructions for web development with Flask.;The Application ContextUser’s Guide¶;This part of the documentation, which is mostly prose, begins with some
background information about Flask, then focuses on step-by-step
instructions for web development with Flask.;The Request ContextUser’s Guide¶;This part of the documentation, which is mostly prose, begins with some
background information about Flask, then focuses on step-by-step
instructions for web development with Flask.;Modular Applications with BlueprintsUser’s Guide¶;This part of the documentation, which is mostly prose, begins with some
background information about Flask, then focuses on step-by-step
instructions for web development with Flask.;ExtensionsUser’s Guide¶;This part of the documentation, which is mostly prose, begins with some
background information about Flask, then focuses on step-by-step
instructions for web development with Flask.;Command Line InterfaceUser’s Guide¶;This part of the documentation, which is mostly prose, begins with some
background information about Flask, then focuses on step-by-step
instructions for web development with Flask.;Development ServerUser’s Guide¶;This part of the documentation, which is mostly prose, begins with some
background information about Flask, then focuses on step-by-step
instructions for web development with Flask.;Working with the ShellUser’s Guide¶;This part of the documentation, which is mostly prose, begins with some
background information about Flask, then focuses on step-by-step
instructions for web development with Flask.;Patterns for FlaskUser’s Guide¶;This part of the documentation, which is mostly prose, begins with some
background information about Flask, then focuses on step-by-step
instructions for web development with Flask.;Deployment OptionsUser’s Guide¶;This part of the documentation, which is mostly prose, begins with some
background information about Flask, then focuses on step-by-step
instructions for web development with Flask.;Becoming BigUser’s Guide¶;This part of the documentation, which is mostly prose, begins with some
background information about Flask, then focuses on step-by-step
instructions for web development with Flask.;Using async and awaitAPI Reference¶;If you are looking for information on a specific function, class or
method, this part of the documentation is for you.;APIAdditional Notes¶;Design notes, legal information and changelog are here for the interested.;Design Decisions in FlaskAdditional Notes¶;Design notes, legal information and changelog are here for the interested.;HTML/XHTML FAQAdditional Notes¶;Design notes, legal information and changelog are here for the interested.;Security ConsiderationsAdditional Notes¶;Design notes, legal information and changelog are here for the interested.;Flask Extension DevelopmentAdditional Notes¶;Design notes, legal information and changelog are here for the interested.;How to contribute to FlaskAdditional Notes¶;Design notes, legal information and changelog are here for the interested.;LicenseAdditional Notes¶;Design notes, legal information and changelog are here for the interested.;ChangesUser’s Guide¶;This part of the documentation, which is mostly prose, begins with some
background information about Flask, then focuses on step-by-step
instructions for web development with Flask.;ForewordUser’s Guide¶;This part of the documentation, which is mostly prose, begins with some
background information about Flask, then focuses on step-by-step
instructions for web development with Flask.;Foreword for Experienced ProgrammersUser’s Guide¶;This part of the documentation, which is mostly prose, begins with some
background information about Flask, then focuses on step-by-step
instructions for web development with Flask.;InstallationUser’s Guide¶;This part of the documentation, which is mostly prose, begins with some
background information about Flask, then focuses on step-by-step
instructions for web development with Flask.;QuickstartUser’s Guide¶;This part of the documentation, which is mostly prose, begins with some
background information about Flask, then focuses on step-by-step
instructions for web development with Flask.;TutorialUser’s Guide¶;This part of the documentation, which is mostly prose, begins with some
background information about Flask, then focuses on step-by-step
instructions for web development with Flask.;TemplatesUser’s Guide¶;This part of the documentation, which is mostly prose, begins with some
background information about Flask, then focuses on step-by-step
instructions for web development with Flask.;Testing Flask ApplicationsUser’s Guide¶;This part of the documentation, which is mostly prose, begins with some
background information about Flask, then focuses on step-by-step
instructions for web development with Flask.;Handling Application ErrorsUser’s Guide¶;This part of the documentation, which is mostly prose, begins with some
background information about Flask, then focuses on step-by-step
instructions for web development with Flask.;Debugging Application ErrorsUser’s Guide¶;This part of the documentation, which is mostly prose, begins with some
background information about Flask, then focuses on step-by-step
instructions for web development with Flask.;LoggingUser’s Guide¶;This part of the documentation, which is mostly prose, begins with some
background information about Flask, then focuses on step-by-step
instructions for web development with Flask.;Configuration HandlingUser’s Guide¶;This part of the documentation, which is mostly prose, begins with some
background information about Flask, then focuses on step-by-step
instructions for web development with Flask.;SignalsUser’s Guide¶;This part of the documentation, which is mostly prose, begins with some
background information about Flask, then focuses on step-by-step
instructions for web development with Flask.;Pluggable ViewsUser’s Guide¶;This part of the documentation, which is mostly prose, begins with some
background information about Flask, then focuses on step-by-step
instructions for web development with Flask.;The Application ContextUser’s Guide¶;This part of the documentation, which is mostly prose, begins with some
background information about Flask, then focuses on step-by-step
instructions for web development with Flask.;The Request ContextUser’s Guide¶;This part of the documentation, which is mostly prose, begins with some
background information about Flask, then focuses on step-by-step
instructions for web development with Flask.;Modular Applications with BlueprintsUser’s Guide¶;This part of the documentation, which is mostly prose, begins with some
background information about Flask, then focuses on step-by-step
instructions for web development with Flask.;ExtensionsUser’s Guide¶;This part of the documentation, which is mostly prose, begins with some
background information about Flask, then focuses on step-by-step
instructions for web development with Flask.;Command Line InterfaceUser’s Guide¶;This part of the documentation, which is mostly prose, begins with some
background information about Flask, then focuses on step-by-step
instructions for web development with Flask.;Development ServerUser’s Guide¶;This part of the documentation, which is mostly prose, begins with some
background information about Flask, then focuses on step-by-step
instructions for web development with Flask.;Working with the ShellUser’s Guide¶;This part of the documentation, which is mostly prose, begins with some
background information about Flask, then focuses on step-by-step
instructions for web development with Flask.;Patterns for FlaskUser’s Guide¶;This part of the documentation, which is mostly prose, begins with some
background information about Flask, then focuses on step-by-step
instructions for web development with Flask.;Deployment OptionsUser’s Guide¶;This part of the documentation, which is mostly prose, begins with some
background information about Flask, then focuses on step-by-step
instructions for web development with Flask.;Becoming BigUser’s Guide¶;This part of the documentation, which is mostly prose, begins with some
background information about Flask, then focuses on step-by-step
instructions for web development with Flask.;Using async and awaitAPI Reference¶;If you are looking for information on a specific function, class or
method, this part of the documentation is for you.;APIAdditional Notes¶;Design notes, legal information and changelog are here for the interested.;Design Decisions in FlaskAdditional Notes¶;Design notes, legal information and changelog are here for the interested.;HTML/XHTML FAQAdditional Notes¶;Design notes, legal information and changelog are here for the interested.;Security ConsiderationsAdditional Notes¶;Design notes, legal information and changelog are here for the interested.;Flask Extension DevelopmentAdditional Notes¶;Design notes, legal information and changelog are here for the interested.;How to contribute to FlaskAdditional Notes¶;Design notes, legal information and changelog are here for the interested.;LicenseAdditional Notes¶;Design notes, legal information and changelog are here for the interested.;Changes